Designator,Comment,Footprint,LCSC
D1,LED (20mA 1.85V),LED_D5.0mm
"C7,C3,C2",0.1uF,C_1206_3216Metric_Pad1.42x1.75mm_HandSolder,C24497
"D5,D4,D3,D2",1N4007,D_SMA_Handsoldering,C95872
"U19,U18,U3,U17,U16,U14,U13,U12,U11,U10,U9,U8,U7,U6,U5,U4,U2,U1",SFH6206-3T,SMDIP-4_W9.53mm_Clearance8mm,C118295
"R33,R30,R27",10k,R_1206_3216Metric_Pad1.42x1.75mm_HandSolder,C17902
"R32,R29,R28,R21,R12,R15,R14,R13,R11,R10,R9,R8,R7,R6,R5,R4,R3,R2,R1",220,R_1206_3216Metric_Pad1.42x1.75mm_HandSolder,C17957 
"R31,R26,R25,R24,R23",1k,R_1206_3216Metric_Pad1.42x1.75mm_HandSolder,C4410
RESET_CAP_JUMPER1,~,SolderJumper-2_P1.3mm_Bridged_RoundedPad1.0x1.5mm
Serial_conn1,Conn_01x04,PinHeader_1x04_P2.54mm_Vertical
"C4,C6,C5,C1",10uF,C_1206_3216Metric_Pad1.42x1.75mm_HandSolder,C13585
"SIGNAL_SOCKET1,Z_PLUG_SOCKET1,Y2_PLUG_SOCKET1,Y1_PLUG_SOCKET1,X_PLUG_SOCKET1",Conn_01x08,"PhoenixContact_MCV_1,5_8-G-3.5_1x08_P3.50mm_Vertical"
"R22,R20,R19,R18,R17,R16",0,R_1206_3216Metric_Pad1.42x1.75mm_HandSolder,C17888
PWR_IN1,Conn_01x02,"PhoenixContact_MCV_1,5_2-G-3.5_1x02_P3.50mm_Vertical"
"MH4,MH3,MH2,MH1",MountingHole,MountingHole_4.5mm_Pad
U15,IFX27001TFV50ATMA1CT-ND,TO-252-3_TabPin2,C75493
P1,Digital,Socket_Strip_Arduino_1x15
P2,Analog,Socket_Strip_Arduino_1x15
